ID,Name
8465009,ZDENO CHARA
8466138,JOE THORNTON
8466139,PATRICK MARLEAU
8467950,CRAIG ANDERSON
8468011,RYAN MILLER
8468493,RON HAINSEY
8468508,JUSTIN WILLIAMS
8468674,DERYK ENGELLAND
8468685,HENRIK LUNDQVIST
8469454,ILYA KOVALCHUK
8469455,JASON SPEZZA
8469459,MIKKO KOIVU
8469465,DAN HAMHUIS
8469608,MIKE SMITH
8470047,VALTTERI FILPPULA
8470110,TREVOR DALEY
8470144,FRANS NIELSEN
8470147,CURTIS MCELHINNEY
8470151,JAY BOUWMEESTER
8470187,JOHNNY BOYCHUK
8470257,ALEXANDER STEEN
8470281,DUNCAN KEITH
8470318,JONATHAN ERICSSON
8470594,MARC-ANDRE FLEURY
8470595,ERIC STAAL
8470600,RYAN SUTER
8470601,BRAYDON COBURN
8470604,JEFF CARTER
8470606,DUSTIN BROWN
8470607,BRENT SEABROOK
8470610,ZACH PARISE
8470612,RYAN GETZLAF
8470613,BRENT BURNS
8470619,BRIAN BOYLE
8470621,COREY PERRY
8470626,LOUI ERIKSSON
8470638,PATRICE BERGERON
8470642,SHEA WEBER
8470645,COREY CRAWFORD
8470655,DAVID BACKES
8470657,JIMMY HOWARD
8470755,BRAD RICHARDSON
8470775,NATE THOMPSON
8470794,JOE PAVELSKI
8470860,JAROSLAV HALAK
8470880,BRIAN ELLIOTT
8470966,MARK GIORDANO
8471214,ALEX OVECHKIN
8471215,EVGENI MALKIN
8471217,ANDREW LADD
8471218,BLAKE WHEELER
8471227,DEVAN DUBNYK
8471228,ALEXANDER RADULOV
8471233,TRAVIS ZAJAC
8471239,CORY SCHNEIDER
8471242,MIKE GREEN
8471260,BLAKE COMEAU
8471262,CARL SODERBERG
8471274,ALEX GOLIGOSKI
8471276,DAVID KREJCI
8471284,ANDREJ SEKERA
8471303,ALEXANDER EDLER
8471306,THOMAS GREISS
8471392,ROMAN POLAK
8471418,ANTON KHUDOBIN
8471426,TROY BROUWER
8471469,PEKKA RINNE
8471669,PAUL STASTNY
8471675,SIDNEY CROSBY
8471676,BOBBY RYAN
8471677,JACK JOHNSON
8471679,CAREY PRICE
8471685,ANZE KOPITAR
8471686,MARC STAAL
8471695,TUUKKA RASK
8471698,TJ OSHIE
8471699,ANDREW COGLIANO
8471702,MATT NISKANEN
8471707,JAMES NEAL
8471709,MARC-EDOUARD VLASIC
8471716,JUSTIN ABDELKADER
8471724,KRIS LETANG
8471729,KRIS RUSSELL
8471734,JONATHAN QUICK
8471735,KEITH YANDLE
8471743,VLADIMIR SOBOTKA
8471750,BEN BISHOP
8471769,NIKLAS HJALMARSSON
8471774,ALEX STALOCK
8471794,DARREN HELM
8471804,NATHAN GERBE
8471817,RYAN REAVES
8471873,ANTON STRALMAN
8471887,PATRIC HORNQVIST
8472382,ANDY GREENE
8473412,BRYAN LITTLE
8473415,ALEX BIEGA
8473419,BRAD MARCHAND
8473422,NICK FOLIGNO
8473446,ERIK JOHNSON
8473449,KYLE OKPOSO
8473453,TREVOR LEWIS
8473463,LEO KOMAROV
8473473,MILAN LUCIC
8473485,CHRIS STEWART
8473503,JAMES REIMER
8473504,CAL CLUTTERBUCK
8473507,JEFF PETRY
8473512,CLAUDE GIROUX
8473533,JORDAN STAAL
8473541,JONATHAN BERNIER
8473544,DERICK BRASSARD
8473546,MICHAEL GRABNER
8473548,PHIL KESSEL
8473560,KORBINIAN HOLZER
8473563,NICKLAS BACKSTROM
8473564,MICHAEL FROLIK
8473573,ARTEM ANISIMOV
8473575,SEMYON VARLAMOV
8473604,JONATHAN TOEWS
8473618,MATHIEU PERREAULT
8473914,MARK LETESTU
8473986,ALEX KILLORN
8473991,KARL ALZNER
8473994,JAMIE BENN
8474000,STEVEN KAMPFER
8474008,PAUL CAREY
8474009,NICK BONINO
8474013,IAN COLE
8474027,JUSTIN BRAUN
8474031,KEVIN SHATTENKIRK
8474034,PAT MAROON
8474037,JAMES VAN RIEMSDYK
8474038,PAUL BYRON
8474040,SAM GAGNER
8474053,LOGAN COUTURE
8474056,PK SUBBAN
8474062,RILEY NASH
8474068,KYLE TURRIS
8474090,BRENDAN SMITH
8474091,BRANDON SUTTER
8474098,COLTON SCEVIOUR
8474102,DAVID PERRON
8474125,CARL GUNNARSSON
8474134,YANNICK WEBER
8474141,PATRICK KANE
8474145,ROBERT BORTUZZO
8474149,EVGENY DADONOV
8474150,MIKAEL BACKLUND
8474151,RYAN MCDONAGH
8474157,MAX PACIORETTY
8474161,JAKUB VORACEK
8474162,JAKE MUZZIN
8474166,ALEC MARTINEZ
8474176,CARL HAGELIN
8474189,LARS ELLER
8474190,WAYNE SIMMONDS
8474207,NICK HOLDEN
8474218,JASON DEMERS
8474230,MICHEAL HALEY
8474250,ZACK SMITH
8474291,JAY BEAGLE
8474563,DREW DOUGHTY
8474564,STEVEN STAMKOS
8474565,ALEX PIETRANGELO
8474567,ZACH BOGOSIAN
8474568,LUKE SCHENN
8474569,COLIN WILSON
8474571,MIKKEL BOEDKER
8474573,JOSH BAILEY
8474574,TYLER MYERS
8474578,ERIK KARLSSON
8474579,LUCA SBISA
8474581,JAKE GARDINER
8474584,MICHAEL DEL ZOTTO
8474586,JORDAN EBERLE
8474589,TYLER ENNIS
8474590,JOHN CARLSON
8474593,JACOB MARKSTROM
8474596,JAKE ALLEN
8474597,CODY GOLOUBEF
8474600,ROMAN JOSI
8474602,JUSTIN SCHULTZ
8474604,AARON NESS
8474611,CAMERON GAUNCE
8474612,TRAVIS HAMONIC
8474613,DEREK STEPAN
8474618,MARCO SCANDELLA
8474628,MICHAEL STONE
8474636,MICHAEL HUTCHINSON
8474641,ADAM HENRIQUE
8474651,BRADEN HOLTBY
8474668,DALE WEISE
8474673,TJ BRODIE
8474679,GUSTAV NYQUIST
8474683,DEREK GRANT
8474685,MATT CALVERT
8474688,GREG PATERYN
8474697,MARK BOROWIECKI
8474709,MATT MARTIN
8474715,CAM ATKINSON
8474716,JARED SPURGEON
8474717,MARK BARBERIO
8474722,LUKE WITKOWSKI
8474736,ZAC RINALDO
8474774,DALTON PROUT
8474818,JORDIE BENN
8474849,ANTOINE ROUSSEL
8474870,TYLER JOHNSON
8474873,BRIAN LASHOFF
8474884,MIKE HOFFMAN
8474889,MARTIN JONES
8475098,TYLER BOZAK
8475149,MARCUS JOHANSSON
8475151,KYLE PALMIERI
8475156,MIKKO KOSKINEN
8475158,RYAN O'REILLY
8475160,KYLE CLIFFORD
8475163,ALEX CHIASSON
8475164,JAKOB SILFVERBERG
8475166,JOHN TAVARES
8475167,VICTOR HEDMAN
8475168,MATT DUCHENE
8475169,EVANDER KANE
8475170,BRAYDEN SCHENN
8475171,OLIVER EKMAN-LARSSON
8475172,NAZEM KADRI
8475176,RYAN ELLIS
8475177,CALVIN DE HAAN
8475178,ZACK KASSIAN
8475179,DMITRY KULIKOV
8475181,NICK LEDDY
8475184,CHRIS KREIDER
8475186,JOHN MOORE
8475188,BRAYDEN MCNABB
8475191,REILLY SMITH
8475193,TOMAS TATAR
8475195,ANDERS NILSSON
8475197,TYSON BARRIE
8475200,DMITRY ORLOV
8475204,BRANDON PIRRI
8475208,BRIAN DUMOULIN
8475209,RICHARD PANIK
8475215,ROBIN LEHNER
8475218,MATTIAS EKHOLM
8475220,MARCUS FOLIGNO
8475222,SAMI VATANEN
8475224,JORDAN SZWARZ
8475225,CRAIG SMITH
8475231,CASEY CIZIKAS
8475233,DAVID SAVARD
8475235,NICOLAS DESLAURIERS
8475236,CODY EAKIN
8475246,KEVIN CONNAUTON
8475254,GABRIEL DUMONT
8475268,GABRIEL BOURQUE
8475279,BEN CHIAROT
8475287,ERIK HAULA
8475311,DARCY KUEMPER
8475314,ANDERS LEE
8475324,NICK JENSEN
8475343,NIC DOWD
8475413,JUSTIN DOWLING
8475430,BRANDON MANNING
8475455,BRENDEN DILLON
8475461,ANDREW AGOZZINO
8475462,RADKO GUDAS
8475622,CARTER HUTTON
8475625,MATT IRWIN
8475660,CAM TALBOT
8475683,SERGEI BOBROVSKY
8475690,CHRISTOPHER TANEV
8475692,MATS ZUCCARELLO
8475714,CALLE JARNKROK
8475716,MARTIN MARINCIN
8475717,CALVIN PICKARD
8475718,JUSTIN HOLL
8475722,JASON ZUCKER
8475726,TYLER TOFFOLI
8475728,JOHAN LARSSON
8475730,STEPHEN JOHNS
8475735,GREG MCKEGG
8475738,JORDAN WEAL
8475744,EVGENY KUZNETSOV
8475745,CHARLIE COYLE
8475747,PATRIK NEMETH
8475748,DALTON SMITH
8475750,JON MERRILL
8475752,TYLER PITLICK
8475753,JUSTIN FAULK
8475754,BROCK NELSON
8475760,NICK BJUGSTAD
8475762,DEREK FORBORT
8475763,KEVIN HAYES
8475764,CAM FOWLER
8475765,VLADIMIR TARASENKO
8475766,AUSTIN WATSON
8475768,JADEN SCHWARTZ
8475772,RILEY SHEAHAN
8475780,CHRIS WAGNER
8475784,JEFF SKINNER
8475786,ZACH HYMAN
8475789,JACK CAMPBELL
8475790,ERIK GUDBRANSON
8475791,TAYLOR HALL
8475792,BRETT CONNOLLY
8475793,RYAN JOHANSEN
8475794,TYLER SEGUIN
8475795,DYLAN MCILRATH
8475796,MARK PYSYK
8475797,JARRED TINORDI
8475798,MIKAEL GRANLUND
8475799,NINO NIEDERREITER
8475807,JOAKIM NORDSTROM
8475808,MICHAEL CHAPUT
8475810,BRYAN RUST
8475820,JOONAS DONSKOI
8475825,JANI HAKANPAA
8475831,PHILIPP GRUBAUER
8475832,TOM KUHNHACKL
8475834,MARCUS SORENSEN
8475839,LOUIS DOMINGUE
8475841,TIM HEED
8475842,SAM CARRICK
8475848,BRENDAN GALLAGHER
8475852,PETR MRAZEK
8475855,JESPER FAST
8475857,KEVIN GRAVEL
8475868,ANTHONY BITETTO
8475869,BRANDON DAVIDSON
8475883,FREDERIK ANDERSEN
8475902,ZACH TROTMAN
8475906,JOHN KLINGBERG
8475907,MICHEAL FERLAND
8475913,MARK STONE
8475958,MICHAEL SGARBOSSA
8476043,BEN STREET
8476166,TAYLOR FEDUN
8476195,CORY CONACHER
8476207,BRIAN GIBBONS
8476234,KEITH KINKAID
8476278,COLIN BLACKWELL
8476285,MATTHEW PECA
8476288,RYAN DZINGEL
8476292,ONDREJ PALAT
8476293,SCOTT WILSON
8476312,JOSH MANSON
8476316,LAURENT BROSSOIT
8476326,JOSH ARCHIBALD
8476329,TRAVIS BOYD
8476331,DYLAN DEMELO
8476341,ANTON FORSBERG
8476343,GARRET SPARKS
8476344,TYLER GRAOVAC
8476346,JOHNNY GAUDREAU
8476356,TOBIAS RIEDER
8476368,FREDRIK CLAESSON
8476372,NICK SEELER
8476374,SEAN KURALY
8476381,ANDREW SHAW
8476389,VINCENT TROCHECK
8476391,T.J. TYNAN
8476392,ADAM LOWRY
8476393,NICK COUSINS
8476396,STEVEN FOGARTY
8476399,BLAKE COLEMAN
8476400,LOGAN SHAW
8476404,ANDY ANDREOFF
8476406,NICHOLAS SHORE
8476409,ALAN QUINE
8476410,JOSH LEIVO
8476412,JORDAN BINNINGTON
8476419,JEAN-GABRIEL PAGEAU
8476422,MIKE REILLY
8476428,ROCCO GRIMALDI
8476429,SCOTT MAYFIELD
8476430,TOMAS JURCO
8476432,BOONE JENNER
8476434,JOHN GIBSON
8476437,VICTOR RASK
8476438,BRANDON SAAD
8476439,BRETT RITCHIE
8476440,MARKUS GRANLUND
8476441,JOEL EDMUNDSON
8476442,MATT NIETO
8476443,XAVIER OUELLET
8476447,MIIKKA SALOMAKI
8476448,WILLIAM KARLSSON
8476449,SCOTT HARRINGTON
8476453,NIKITA KUCHEROV
8476454,RYAN NUGENT-HOPKINS
8476455,GABRIEL LANDESKOG
8476456,JONATHAN HUBERDEAU
8476457,ADAM LARSSON
8476458,RYAN STROME
8476459,MIKA ZIBANEJAD
8476460,MARK SCHEIFELE
8476461,SEAN COUTURIER
8476462,DOUGIE HAMILTON
8476463,JONAS BRODIN
8476466,SVEN BAERTSCHI
8476467,JAMIE OLEKSIAK
8476468,JT MILLER
8476469,JOEL ARMIA
8476470,NATHAN BEAULIEU
8476472,OSCAR KLEFBOM
8476473,CONNOR MURPHY
8476474,STEFAN NOESEN
8476479,PHILLIP DANAULT
8476480,VLADISLAV NAMESTNIKOV
8476483,RICKARD RAKELL
8476525,COLIN MILLER
8476539,JONATHAN MARCHESSAULT
8476624,BARCLAY GOODROW
8476779,BRAD HUNT
8476792,TOREY KRUG
8476807,MATT TENNYSON
8476822,LUKE GLENDENING
8476826,YANNI GOURDE
8476850,RYAN MURRAY
8476851,ALEX GALCHENYUK
8476853,MORGAN RIELLY
8476854,HAMPUS LINDHOLM
8476856,MATT DUMBA
8476857,PONTUS ABERG
8476858,PHILLIP DI GIUSEPPE
8476861,OSCAR DANSK
8476867,BRENDAN GAUNCE
8476869,BRADY SKJEI
8476870,STEFAN MATTEAU
8476871,TANNER PEARSON
8476872,SCOTT LAUGHTON
8476873,MARK JANKOWSKI
8476874,OLLI MAATTA
8476875,MIKE MATHESON
8476876,MALCOLM SUBBAN
8476878,ZEMGUS GIRGENSONS
8476879,CODY CECI
8476880,TOM WILSON
8476881,TOMAS HERTL
8476882,TEUVO TERAVAINEN
8476883,ANDREI VASILEVSKIY
8476884,DERRICK POULIOT
8476885,JACOB TROUBA
8476886,SLATER KOEKKOEK
8476887,FILIP FORSBERG
8476889,RADEK FAKSA
8476891,MATT GRZELCYK
8476892,COLTON PARAYKO
8476894,BRENDAN LEIPSIC
8476897,OSKAR SUNDQVIST
8476899,MATT MURRAY
8476902,ESA LINDELL
8476904,CHRIS DRIEDGER
8476905,CHANDLER STEPHENSON
8476906,SHAYNE GOSTISBEHERE
8476907,MACKENZIE MACEACHERN
8476913,DEVIN SHORE
8476914,JOONAS KORPISALO
8476915,JUJHAR KHAIRA
8476917,ADAM PELECH
8476918,JIMMY VESEY
8476919,CHRIS TIERNEY
8476921,JORDAN MARTINOOK
8476922,CRISTOVAL NIEVES
8476923,DAMON SEVERSON
8476924,MARTIN FRK
8476925,COLTON SISSONS
8476927,TEDDY BLUEGER
8476931,JAKE MCCABE
8476932,ANTHONY STOLARZ
8476934,BROCK MCGINN
8476941,CONNOR CARRICK
8476945,CONNOR HELLEBUYCK
8476947,NIKOLAI PROKHORKIN
8476948,CHARLES HUDON
8476952,DOMINIC TONINATO
8476953,TREVOR CARRICK
8476958,JACCOB SLAVIN
8476960,ANDREAS ATHANASIOU
8476966,GEMEL SMITH
8476967,BRETT KULAK
8476974,THOMAS DI PAULI
8476975,CEDRIC PAQUETTE
8476979,ERIK GUSTAFSSON
8476981,JOSH ANDERSON
8476983,PAUL LADUE
8476987,JAKE BISCHOFF
8476988,MATT BENNING
8476994,VINNIE HINOSTROZA
8476999,LINUS ULLMARK
8477003,RILEY BARBER
8477010,JOSEPH BLANDISI
8477015,CONNOR BROWN
8477018,BEN HUTTON
8477021,ALEXANDER KERFOOT
8477038,NIKITA GUSEV
8477043,CHRISTIAN DJOOS
8477046,JOAKIM RYAN
8477073,KURTIS MACDERMID
8477085,ASHTON SAUTNER
8477126,JAYSON MEGNA
8477149,SCOTT SABOURIN
8477180,AARON DELL
8477210,BUDDY ROBINSON
8477213,TIM SCHALLER
8477215,DANNY DEKEYSER
8477220,NATE SCHMIDT
8477240,CARTER ROWNEY
8477244,CHAD RUHWEDEL
8477290,MICHAEL RAFFL
8477293,ANTTI RAANTA
8477312,ANTOINE BIBEAU
8477320,ANTON BLIDH
8477330,DOMINIK KUBALIK
8477337,JOHN GILMOUR
8477341,ANDREAS JOHNSSON
8477343,TYLER LEWINGTON
8477346,MACKENZIE WEEGAR
8477353,TYLER MOTTE
8477355,WILL BUTCHER
8477359,TUCKER POOLMAN
8477361,CALVIN PETERSEN
8477365,CONNOR CLIFTON
8477366,LUKE JOHNSON
8477369,CARSON SOUCY
8477380,JONNY BRODZINSKI
8477384,JOSH BROWN
8477401,JOHN HAYDEN
8477402,PAVEL BUCHNEVICH
8477404,JAKE GUENTZEL
8477405,MARCUS HOGBERG
8477406,MATTIAS JANMARK
8477407,ANTHONY DUCLAIR
8477409,CARTER VERHAEGHE
8477416,OLIVER BJORKSTRAND
8477417,PETER CEHLARIK
8477424,JUUSE SAROS
8477425,MILES WOOD
8477426,NICK PAUL
8477429,ANDREW COPP
8477435,RYAN GRAVES
8477444,ANDRE BURAKOVSKY
8477447,SHEA THEODORE
8477448,MARKO DANO
8477450,JASON DICKINSON
8477451,RYAN HARTMAN
8477454,ADAM ERNE
8477455,JACOB DE LA ROSE
8477456,J.T. COMPHER
8477458,VALENTIN ZYKOV
8477462,ROBERT HAGG
8477463,STEVEN SANTINI
8477464,NIC PETAN
8477465,TRISTAN JARRY
8477467,GUSTAV OLOFSSON
8477472,CARL DAHLSTROM
8477473,JUSTIN BAILEY
8477474,MADISON BOWEY
8477476,ARTTURI LEHKONEN
8477478,WILLIAM CARRIER
8477479,TYLER BERTUZZI
8477480,ERIC COMRIE
8477482,ZACH SANFORD
8477488,BRETT PESCE
8477492,NATHAN MACKINNON
8477493,ALEKSANDER BARKOV
8477494,JONATHAN DROUIN
8477495,SETH JONES
8477496,ELIAS LINDHOLM
8477497,SEAN MONAHAN
8477498,DARNELL NURSE
8477499,RASMUS RISTOLAINEN
8477500,BO HORVAT
8477501,VALERI NICHUSHKIN
8477502,SAMUEL MORIN
8477503,MAX DOMI
8477504,JOSH MORRISSEY
8477505,ALEXANDER WENNBERG
8477506,RYAN PULOCK
8477507,NIKITA ZADOROV
8477508,CURTIS LAZAR
8477509,MIRCO MUELLER
8477511,ANTHONY MANTHA
8477512,FREDERIK GAUTHIER
8477520,JEAN-SEBASTIEN DEA
8477527,ROSS JOHNSTON
8477529,COLBY CAVE
8477541,DAKOTA MERMIS
8477573,NATHAN WALKER
8477810,JOEL HANLEY
8477839,CONOR SHEARY
8477845,TREVOR VAN RIEMSDYK
8477846,RYAN CARPENTER
8477850,CHRISTIAN FOLIN
8477851,JORDAN OESTERLE
8477887,PATRICK BROWN
8477901,DANIEL CARR
8477903,GARNET HATHAWAY
8477922,MELKER KARLSSON
8477930,PIERRE-EDOUARD BELLEMARE
8477931,TOMAS NOSEK
8477932,AARON EKBLAD
8477933,SAM REINHART
8477934,LEON DRAISAITL
8477935,SAM BENNETT
8477936,MICHAEL DAL COLLE
8477937,JAKE VIRTANEN
8477938,HAYDN FLEURY
8477939,WILLIAM NYLANDER
8477940,NIKOLAJ EHLERS
8477941,NICK RITCHIE
8477942,KEVIN FIALA
8477943,BRENDAN PERLINI
8477944,JAKUB VRANA
8477946,DYLAN LARKIN
8477947,SONNY MILANO
8477948,TRAVIS SANHEIM
8477949,ALEX TUCH
8477950,ANTHONY DEANGELO
8477951,NICK SCHMALTZ
8477952,ROBBY FABBRI
8477953,KASPERI KAPANEN
8477955,JARED MCCANN
8477956,DAVID PASTRNAK
8477958,NIKOLAY GOLDOBIN
8477960,ADRIAN KEMPE
8477961,JOHN QUENNEVILLE
8477962,BRENDAN LEMIEUX
8477963,JAYCE HAWRYLUK
8477964,IVAN BARBASHEV
8477967,THATCHER DEMKO
8477968,ALEX NEDELJKOVIC
8477969,MARCUS PETTERSSON
8477971,ANDREAS ENGLUND
8477972,JOSH JACOBS
8477973,VLADISLAV KAMENEV
8477974,RYAN MACINNIS
8477979,NICOLAS AUBE-KUBEL
8477983,MAXIM LETUNOV
8477986,BRANDON MONTOUR
8477987,RYAN DONATO
8477989,CHRISTIAN DVORAK
8477992,JONAS JOHANSSON
8477998,WARREN FOEGELE
8478007,ELVIS MERZLIKINS
8478010,BRAYDEN POINT
8478013,JAKE WALMAN
8478017,MARK FRIEDMAN
8478020,MICHAEL AMADIO
8478021,WILLIAM LAGESSON
8478027,LUCAS WALLMARK
8478029,CHASE DE LEO
8478036,CHRISTOFFER EHN
8478038,DEVON TOEWS
8478039,KAAPO KAHKONEN
8478040,AUSTIN POGANSKI
8478042,VIKTOR ARVIDSSON
8478043,SAM LAFFERTY
8478046,DANTON HEINEN
8478048,IGOR SHESTERKIN
8478056,CLARK BISHOP
8478058,CJ SUESS
8478067,OSKAR LINDBLOM
8478073,ANTON LINDHOLM
8478074,ANTHONY ANGELLO
8478075,ANDERS BJORK
8478099,KEVIN LABANC
8478104,SAMMY BLAIS
8478106,DYLAN SIKURA
8478109,VICTOR OLOFSSON
8478115,PIERRE ENGVALL
8478131,ONDREJ KASE
8478133,JAKE EVANS
8478136,JACOB MIDDLETON
8478146,MATTHEW HIGHMORE
8478176,JOE HICKETTS
8478211,DRYDEN HUNT
8478233,ANDREW MANGIAPANE
8478366,FRANK VATRANO
8478367,COLE BARDREAU
8478396,NOAH HANIFIN
8478397,RASMUS ANDERSSON
8478398,KYLE CONNOR
8478399,JONAS SIEGENTHALER
8478400,COLIN WHITE
8478401,PAVEL ZACHA
8478402,CONNOR MCDAVID
8478403,JACK EICHEL
8478406,MACKENZIE BLACKWOOD
8478407,VINCE DUNN
8478408,TRAVIS DERMOTT
8478409,ANTHONY RICHARD
8478413,JORDAN GREENWAY
8478414,TIMO MEIER
8478416,ERIK CERNAK
8478420,MIKKO RANTANEN
8478424,JANSEN HARKINS
8478425,BRENDAN GUHLE
8478427,SEBASTIAN AHO
8478430,OLIVER KYLINGTON
8478431,EVGENY SVECHNIKOV
8478432,CHRISTIAN FISCHER
8478434,KEEGAN KOLESAR
8478436,DAVID KASE
8478439,TRAVIS KONECNY
8478440,DYLAN STROME
8478443,BRANDON CARLO
8478444,BROCK BOESER
8478445,MATHEW BARZAL
8478447,NICHOLAS MERKLEY
8478449,ROOPE HINTZ
8478451,ETHAN BEAR
8478452,CALEB JONES
8478455,AUSTIN WAGNER
8478458,JACK ROSLOVIC
8478460,ZACH WERENSKI
8478462,NICOLAS ROY
8478463,ANTHONY BEAUVILLIER
8478466,DANIEL SPRONG
8478468,JEREMY LAUZON
8478469,THOMAS CHABOT
8478470,SAM MONTEMBEAULT
8478472,MATHIEU JOSEPH
8478474,LAWSON CROUSE
8478476,KYLE CAPOBIANCO
8478477,MITCHELL STEPHENS
8478483,MITCHELL MARNER
8478485,ZACH SENYSHYN
8478488,FILIP CHLAPIK
8478491,JACOB LARSSON
8478492,ILYA SAMSONOV
8478493,JOEL ERIKSSON EK
8478495,DENIS GURIANOV
8478498,JAKE DEBRUSK
8478499,ADIN HILL
8478500,IVAN PROVOROV
8478502,DENNIS GILBERT
8478506,GABRIEL CARLSSON
8478507,JOHN MARINO
8478508,YAKOV TRENIN
8478512,AUSTIN CZARNIK
8478519,ANTHONY CIRELLI
8478542,EVAN RODRIGUES
8478550,ARTEMI PANARIN
8478567,DEAN KUKAN
8478569,NOEL ACCIARI
8478585,DEREK RYAN
8478831,KEVIN STENLUND
8478833,J.C. BEAUDIN
8478838,LUKAS VEJDEMO
8478839,ALEKSI SAARELA
8478841,COLTON WHITE
8478843,DENIS MALGIN
8478844,MIKHAIL VOROBYEV
8478846,CHRISTIAN WOLANIN
8478851,ALEXANDRE CARRIER
8478856,CONOR GARLAND
8478857,DMYTRO TIMASHOV
8478859,NIKO MIKKOLA
8478866,DOMINIK SIMON
8478868,CHRISTIAN JAROS
8478870,RUDOLFS BALCERS
8478873,TROY TERRY
8478874,ADAM GAUDETTE
8478881,BRETT SENEY
8478882,VLADISLAV GAVRIKOV
8478888,CAMERON HUGHES
8478891,MASON APPLETON
8478906,MARKUS NUTIVAARA
8478911,MATT ROY
8478915,SAMI NIKU
8478949,KOLE SHERWOOD
8478975,MASON MARCHMENT
8478996,ADAM BROOKS
8479026,PHILIPPE MYERS
8479188,DAVID AYRES
8479288,KASIMIR KASKISUO
8479291,KEVIN ROONEY
8479292,CHARLIE LINDGREN
8479293,BRANDON TANEV
8479312,ALEX LYON
8479314,MATTHEW TKACHUK
8479315,JOEY ANDERSON
8479316,LUKE KUNIN
8479318,AUSTON MATTHEWS
8479320,MAXIME LAJOIE
8479323,ADAM FOX
8479324,RYAN LINDGREN
8479325,CHARLIE MCAVOY
8479328,JULIEN GAUTHIER
8479333,LIBOR HAJEK
8479335,RASMUS ASPLUND
8479336,CARL GRUNDSTROM
8479337,ALEX DEBRINCAT
8479339,PATRIK LAINE
8479343,CLAYTON KELLER
8479345,JAKOB CHYCHRUN
8479346,DILLON DUBE
8479347,TYLER BENSON
8479348,KALE CLAGUE
8479351,SAM STEEL
8479353,BRETT HOWDEN
8479356,KIEFFER BELLOWS
8479358,CARSEN TWARYNSKI
8479359,BECK MALENSTYN
8479364,TIM GETTINGER
8479365,TRENT FREDERIC
8479366,LOGAN BROWN
8479368,MAX JONES
8479369,ANDREW PEEKE
8479370,TYSON JOST
8479371,DANTE FABBRO
8479372,JOSH MAHURA
8479376,VICTOR METE
8479379,GIVANI SMITH
8479381,NICK CAAMANO
8479382,CONNOR BUNNAMAN
8479385,JORDAN KYROU
8479388,RILEY STILLMAN
8479393,NOAH GREGOR
8479394,CARTER HART
8479395,DENNIS CHOLOWSKI
8479398,SAMUEL GIRARD
8479400,PIERRE-LUC DUBOIS
8479404,HENRIK BORGSTROM
8479407,JESPER BRATT
8479410,MIKHAIL SERGACHEV
8479411,VITALY ABRAMOV
8479415,MICHAEL MCLEOD
8479420,TAGE THOMPSON
8479423,ALEX NYLANDER
8479424,GERMAN RUBTSOV
8479425,FILIP HRONEK
8479442,TROY STECHER
8479458,NIKITA ZAITSEV
8479465,DRAKE CAGGIULA
8479466,PATRICK RUSSELL
8479482,MICHAL KEMPNY
8479496,DAVID RITTICH
8479510,EGOR KORSHKOV
8479511,JANNE KUOKKANEN
8479523,LUCAS CARLSSON
8479526,OTTO KOIVULA
8479530,ADAM WERNER
8479542,BRANDON HAGEL
8479557,CALVIN THURKAUF
8479571,JOACHIM BLICHFELD
8479580,DYLAN GAMBRELL
8479587,RHETT GARDNER
8479644,MATT LUFF
8479671,MATHIEU OLIVIER
8479675,TREVOR MOORE
8479734,BRENNAN MENELL
8479748,GAGE QUINNEY
8479772,ZACK MACEWEN
8479933,GERALD MAYHEW
8479944,ZACH ASTON-REESE
8479977,KAILER YAMAMOTO
8479980,NICOLAS HAGUE
8479982,CONOR TIMMINS
8479983,MARIO FERRARO
8479985,CALE FLEURY
8479987,MORGAN GEEKIE
8479994,JARET ANDERSON-DOLAN
8479996,CODY GLASS
8479998,MIKEY ANDERSON
8479999,CASEY MITTELSTADT
8480001,URHO VAAKANAINEN
8480002,NICO HISCHIER
8480003,JESPER BOQVIST
8480011,KLIM KOSTIN
8480012,ELIAS PETTERSSON
8480014,GABRIEL VILARDI
8480018,NICK SUZUKI
8480021,JACK STUDNICKA
8480022,MICHAEL DIPIETRO
8480023,ROBERT THOMAS
8480027,JASON ROBERTSON
8480028,MORGAN FROST
8480031,MAX COMTOIS
8480035,HENRI JOKIHARJU
8480036,MIRO HEISKANEN
8480039,MARTIN NECAS
8480043,TIMOTHY LILJEGREN
8480051,CAYDEN PRIMEAU
8480064,JOSH NORRIS
8480068,RYAN POEHLING
8480069,CALE MAKAR
8480072,LIAS ANDERSSON
8480073,ERIK BRANNSTROM
8480074,ALEXANDRE TEXIER
8480078,FILIP CHYTIL
8480113,ALEX IAFALLO
8480144,DAVID KAMPF
8480145,NEAL PIONK
8480147,OSCAR FANTENBERG
8480157,CALLE ROSEN
8480160,RADIM SIMEK
8480162,MATISS KIVLENIEKS
8480172,JAN RUTTA
8480184,GUSTAV LINDSTROM
8480185,EETU LUOSTARINEN
8480186,ALEXANDER VOLKOV
8480205,EMIL BEMSTROM
8480208,DRAKE BATHERSON
8480213,GILLES SENN
8480247,JONATHAN DAVIDSSON
8480314,MAX VERONNEAU
8480326,SHELDON DRIES
8480336,SEAN WALKER
8480341,ADAM JOHNSON
8480382,ALEXANDAR GEORGIEV
8480384,ALEXANDER TRUE
8480727,ZACH WHITECLOUD
8480748,KIEFER SHERWOOD
8480762,ERIC ROBINSON
8480769,JOEL L'ESPERANCE
8480780,LUKAS RADIL
8480789,OLIVER WAHLSTROM
8480796,MARTIN FEHERVARY
8480797,JOEL FARABEE
8480800,QUINN HUGHES
8480801,BRADY TKACHUK
8480806,ISAC LUNDESTROM
8480814,NICOLAS BEAUDIN
8480821,FILIP ZADINA
8480822,MARTIN KAUT
8480829,JESPERI KOTKANIEMI
8480830,ANDREI SVECHNIKOV
8480839,RASMUS DAHLIN
8480849,BARRETT HAYTON
8480853,LIAM FOUDY
8480865,NOAH DOBSON
8480871,ADAM BOQVIST
8480873,RASMUS SANDIN
8480901,KARSON KUHLMAN
8480913,JORDAN GROSS
8480925,PAVEL FRANCOUZ
8480935,LAWRENCE PILUT
8480940,JOEL PERSSON
8480944,PAR LINDHOLM
8480945,JUUSO RIIKOLA
8480946,DOMINIK KAHUN
8480950,ILYA LYUBUSHKIN
8480965,ANTTI SUOMELA
8481019,DAVID GUSTAFSSON
8481105,OTTO LESKINEN
8481186,LOGAN O'CONNOR
8481433,TARO HIROSE
8481477,NICO STURM
8481481,BLAKE LIZOTTE
8481515,DANIL YURTAYKIN
8481516,JOEL KELLMAN
8481523,KIRBY DACH
8481554,KAAPO KAKKO
8481559,JACK HUGHES
8481572,VILLE HEINOLA
8481600,TOBIAS BJORNFOT
8481624,ILYA MIKHEYEV
8481630,ALEXANDER YELESIN
8481637,ANTON WEDIN
8481638,JOAKIM NYGARD
8481640,LEAN BERGMANN
8481641,JOEL KIVIRANTA
8481642,ANDREI CHIBISOV
8481649,JOONA LUOTO
8481650,JAKOB LILJA
8481812,NIKOLAI KNYZHOV
8481813,GAETAN HAAS
